mpg,cylinders,displacement,horsepower,weight,acceleration,model_year,origin_japan,origin_usa
-0.7575053815215252,1.5674714300306107,1.2134148406282692,0.8591541985387171,0.6970825169208724,-1.3827180888020094,-1.6883520652571007,False,True
-1.1517131973591697,1.5674714300306107,1.6501310443415675,1.902964740108687,0.9276419620881889,-1.5701624880004272,-1.6883520652571007,False,True
-0.7575053815215252,1.5674714300306107,1.3251329392526014,1.455617365150129,0.6141299123104095,-1.7576068871988453,-1.6883520652571007,False,True
-1.020310592079955,1.5674714300306107,1.1829462682761789,1.455617365150129,0.6104702385775949,-1.3827180888020094,-1.6883520652571007,False,True
-0.88890798680074,1.5674714300306107,1.1626338867081183,1.1573857818444229,0.6299884984859391,-1.9450512863972633,-1.6883520652571007,False,True
-1.1517131973591697,1.5674714300306107,2.4524701162799523,2.8871289650175167,1.718131488376131,-2.1324956855956816,-1.6883520652571007,False,True
-1.1517131973591697,1.5674714300306107,2.0563786757027747,2.648543698372952,1.1191648874388167,-2.6948288831909357,-1.6883520652571007,False,True
-1.1517131973591697,1.5674714300306107,1.9852853402145636,2.0520805317615407,0.769056100332892,-2.1324956855956816,-1.6883520652571007,False,True
-1.2831158026383842,1.5674714300306107,1.5485691365012657,1.7538489484558346,0.8251710975693817,-2.8822732823893538,-1.6883520652571007,False,True
-1.1517131973591697,1.5674714300306107,2.1579405835430765,1.455617365150129,1.0105945666986518,-2.3199400847940996,-1.6883520652571007,False,True
0.030910250153763436,-0.8311171606207896,-0.7568861714735863,-0.18465634303125295,-0.6838343715944833,-0.2580516936115009,-1.6883520652571007,True,False
-0.23189496040466606,0.36817713470491054,0.10639004516897937,-0.18465634303125295,-0.12146450798531452,-0.07060729441308278,-1.6883520652571007,False,True
-0.7575053815215252,0.36817713470491054,0.1165462359530095,-0.12501002637011188,-0.19343809139733395,-0.07060729441308278,-1.6883520652571007,False,True
-0.3632975656838809,0.36817713470491054,0.12670242673703974,-0.4828879263369588,-0.4215577540761074,0.11683710478533513,-1.6883520652571007,False,True
0.4251180659914079,-0.8311171606207896,-0.9193852240180692,-0.3934184513452471,-0.9790480527081902,-0.445496092809919,-1.6883520652571007,True,False
0.293715460712193,-0.8311171606207896,-0.9193852240180692,-1.645991101229211,-1.3389159697682875,1.8038366975710978,-1.6883520652571007,False,False
0.16231285543297827,-0.8311171606207896,-0.7873547438256768,-0.42324160967581764,-0.3178669983130286,0.6791703023805894,-1.6883520652571007,False,False
0.030910250153763436,-0.8311171606207896,-0.8178233161777674,-0.33377213468410577,-0.6130806794267354,-0.445496092809919,-1.6883520652571007,False,False
0.16231285543297827,-0.8311171606207896,-0.8482918885298579,-0.18465634303125295,-0.6801746978616687,0.6791703023805894,-1.6883520652571007,False,False
0.293715460712193,-0.8311171606207896,-0.6756366452013448,0.35216050691901735,-0.8521793633039525,-1.1952736896035911,-1.6883520652571007,False,False
-0.3632975656838809,0.36817713470491054,0.1165462359530095,-0.33377213468410577,-0.34714438817554494,-0.2580516936115009,-1.6883520652571007,False,True
-1.9401288290344585,1.5674714300306107,1.1829462682761789,2.7380131733646635,2.195108964886294,1.0540591007774258,-1.6883520652571007,False,True
0.4251180659914079,-0.8311171606207896,-0.9193852240180692,-0.3934184513452471,-0.9790480527081902,-0.445496092809919,-1.4134874945319886,True,False
0.5565206712706225,-0.8311171606207896,-0.4826690203047713,-0.33377213468410577,-0.815582625975807,-0.07060729441308278,-1.4134874945319886,False,True
0.16231285543297827,-0.8311171606207896,-0.7568861714735863,-0.18465634303125295,-0.8594987107695816,-0.632940492008337,-1.4134874945319886,True,False
0.16231285543297827,-0.8311171606207896,-0.909229033234039,-0.22939108052710885,-1.0815189172269977,1.2415034999758436,-1.4134874945319886,False,True
-0.6261027762423105,0.36817713470491054,0.4517005318260056,-0.03554055137840009,-0.3642228655953462,-1.007829290405173,-1.4134874945319886,False,True
-1.020310592079955,0.36817713470491054,0.38060719633779433,0.11357524027445268,0.617789586043224,-0.07060729441308278,-1.4134874945319886,False,True
-0.88890798680074,0.36817713470491054,0.634511965938549,-0.03554055137840009,0.4836015491733572,-0.07060729441308278,-1.4134874945319886,False,True
-0.6261027762423105,0.36817713470491054,0.634511965938549,-0.3934184513452471,0.4506644855780263,-0.07060729441308278,-1.4134874945319886,False,True
-0.7575053815215252,0.36817713470491054,0.4517005318260056,-0.03554055137840009,0.433586008158225,-0.07060729441308278,-1.4134874945319886,False,True
-1.2831158026383842,1.5674714300306107,1.6501310443415675,1.902964740108687,1.557105844132291,-1.3827180888020094,-1.4134874945319886,False,True
-1.2831158026383842,1.5674714300306107,2.1579405835430765,2.201196323414393,1.8681781114215275,-1.5701624880004272,-1.4134874945319886,False,True
-1.2831158026383842,1.5674714300306107,1.6602872351255975,1.5450868401418405,1.4900118256973574,-0.8203848912067551,-1.4134874945319886,False,True
-1.2831158026383842,1.5674714300306107,1.3251329392526014,1.455617365150129,1.41925813352961,-1.007829290405173,-1.4134874945319886,False,True
-1.5459210131968137,1.5674714300306107,1.9852853402145636,2.3503121150672457,2.467144712358842,-1.5701624880004272,-1.4134874945319886,False,True
-1.414518407917599,1.5674714300306107,2.1579405835430765,2.0520805317615407,2.2121874423060954,-1.3827180888020094,-1.4134874945319886,False,True
-1.414518407917599,1.5674714300306107,2.1579405835430765,2.201196323414393,2.692824592549072,-1.3827180888020094,-1.4134874945319886,False,True
-0.7575053815215252,0.36817713470491054,0.7157614922107904,0.26269103192730553,0.03590146252571095,-0.8203848912067551,-1.4134874945319886,False,True
-0.23189496040466606,-0.8311171606207896,-0.4826690203047713,-0.8705889846343763,-0.6399182868007087,1.2415034999758436,-1.4134874945319886,False,True
-0.6261027762423105,0.36817713470491054,0.634511965938549,-0.03554055137840009,0.426266660692596,-0.2580516936115009,-1.4134874945319886,False,True
-0.7575053815215252,0.36817713470491054,0.634511965938549,-0.3934184513452471,0.2518222127617692,-0.445496092809919,-1.4134874945319886,False,True
-0.10049235512545131,-0.8311171606207896,-0.6654804544173145,-0.4530647680063883,-0.8692578407237537,-0.632940492008337,-1.4134874945319886,False,True
0.5565206712706225,-0.8311171606207896,-0.7264175991214956,-0.33377213468410577,-0.9875872914180908,-0.632940492008337,-1.4134874945319886,False,False
0.8193258818290522,-0.8311171606207896,-1.1021966581306126,-0.9302353012955176,-1.047361962387395,1.4289478991742617,-1.4134874945319886,False,False
0.8193258818290522,-0.8311171606207896,-1.010790941074341,-0.751296351312094,-1.0583409835858388,-0.445496092809919,-1.4134874945319886,False,False
0.950728487108267,-0.8311171606207896,-1.1834461844028539,-1.0793510929483705,-1.4145492269131212,1.2415034999758436,-1.4134874945319886,True,False
1.476338908225126,-0.8311171606207896,-1.173289993618824,-0.9600584596260882,-1.6097318259965638,0.8666147015790074,-1.4134874945319886,True,False
0.4251180659914079,-0.8311171606207896,-0.9193852240180692,-1.228466884601223,-1.3401358610125589,1.2415034999758436,-1.4134874945319886,False,False
0.293715460712193,-0.8311171606207896,-0.9803223687222503,-0.9302353012955176,-1.1925290204557057,1.8038366975710978,-1.4134874945319886,False,True
0.030910250153763436,-0.8311171606207896,-0.7568861714735863,-0.18465634303125295,-0.7985041485560058,-0.07060729441308278,-1.1386229238068766,True,False
0.16231285543297827,-0.8311171606207896,-0.9143071286260542,-0.6320037179898117,-0.9839276176852763,0.49172590318217124,-1.1386229238068766,False,True
-0.10049235512545131,-0.8311171606207896,-0.9193852240180692,-1.4074058345846467,-0.8277815384185222,2.928503092761606,-1.1386229238068766,False,False
-0.4947001709630956,-0.8311171606207896,-0.4826690203047713,-0.33377213468410577,-0.6399182868007087,1.4289478991742617,-1.1386229238068766,False,True
-0.3632975656838809,-0.8311171606207896,-0.6654804544173145,-0.4530647680063883,-0.8619384932581245,0.30428150398375325,-1.1386229238068766,False,True
-1.414518407917599,1.5674714300306107,1.6501310443415675,1.902964740108687,1.6363987750099396,-1.3827180888020094,-1.1386229238068766,False,True
-1.2831158026383842,1.5674714300306107,2.1579405835430765,2.201196323414393,1.7718067031240776,-1.3827180888020094,-1.1386229238068766,False,True
-1.1517131973591697,1.5674714300306107,1.3251329392526014,1.455617365150129,1.4668338920561987,-0.8203848912067551,-1.1386229238068766,False,True
-1.2831158026383842,1.5674714300306107,1.6602872351255975,1.5450868401418405,1.4595145445905695,-1.007829290405173,-1.1386229238068766,False,True
-0.88890798680074,1.5674714300306107,1.1829462682761789,1.455617365150129,0.9020242459584871,-1.5701624880004272,-1.1386229238068766,False,True
-1.414518407917599,1.5674714300306107,1.6501310443415675,1.6047331568029817,1.914533978703845,-0.8203848912067551,-1.1386229238068766,False,True
-1.5459210131968137,1.5674714300306107,1.6501310443415675,1.7538489484558346,1.8584189814673555,-0.8203848912067551,-1.1386229238068766,False,True
-1.414518407917599,1.5674714300306107,2.1579405835430765,2.648543698372952,1.8169426791621242,-1.1952736896035911,-1.1386229238068766,False,True
-0.6261027762423105,-1.4307643082836399,-1.1936023751868838,-0.12501002637011188,-0.735069803853887,-0.8203848912067551,-1.1386229238068766,True,False
-1.1517131973591697,1.5674714300306107,1.1829462682761789,1.455617365150129,1.1704003196982207,-1.1952736896035911,-1.1386229238068766,False,True
-1.414518407917599,1.5674714300306107,1.2134148406282692,0.8591541985387171,1.4216979160181529,-0.632940492008337,-1.1386229238068766,False,True
-1.414518407917599,1.5674714300306107,1.1626338867081183,1.1573857818444229,1.6607965998953695,0.11683710478533513,-1.1386229238068766,False,True
-1.2831158026383842,1.5674714300306107,1.3251329392526014,1.455617365150129,1.396080199888451,-0.632940492008337,-1.1386229238068766,False,True
-0.7575053815215252,-0.8311171606207896,-0.6756366452013448,0.32233734858844676,0.0005246164418369988,-0.445496092809919,-1.1386229238068766,False,False
-0.23189496040466606,-0.8311171606207896,-0.6756366452013448,-0.751296351312094,-0.5142694886407427,0.8666147015790074,-1.1386229238068766,False,False
-0.3632975656838809,-0.8311171606207896,-0.685792835985375,-0.42324160967581764,0.05663961367832666,1.4289478991742617,-1.1386229238068766,False,False
0.293715460712193,-0.8311171606207896,-0.9295414148020994,-0.9600584596260882,-0.9070744692961709,0.8666147015790074,-1.1386229238068766,False,False
-0.23189496040466606,-0.8311171606207896,-0.6654804544173145,-0.4530647680063883,-0.6557768729762385,0.11683710478533513,-1.1386229238068766,False,True
0.5565206712706225,-0.8311171606207896,-0.9193852240180692,-0.2741258180229647,-0.7863052361132907,0.49172590318217124,-1.1386229238068766,True,False
-0.10049235512545131,-0.8311171606207896,-0.685792835985375,-0.12501002637011188,-0.5203689448621003,-0.445496092809919,-1.1386229238068766,True,False
0.5565206712706225,-0.8311171606207896,-0.909229033234039,-0.6320037179898117,-0.9375717504029585,-0.2580516936115009,-1.1386229238068766,False,True
0.4251180659914079,-0.8311171606207896,-0.9193852240180692,-0.3934184513452471,-1.0156447900363357,0.30428150398375325,-1.1386229238068766,True,False
-1.414518407917599,1.5674714300306107,1.6501310443415675,2.201196323414393,1.4241376985066958,-1.007829290405173,-0.8637583530817643,False,True
-1.2831158026383842,1.5674714300306107,1.1829462682761789,1.455617365150129,0.9020242459584871,-1.5701624880004272,-0.8637583530817643,False,True
-1.414518407917599,1.5674714300306107,1.6501310443415675,1.3065015734972758,1.287509879148286,-1.007829290405173,-0.8637583530817643,False,True
-1.2831158026383842,1.5674714300306107,1.1626338867081183,1.0679163068527113,1.353384006338948,-0.445496092809919,-0.8637583530817643,False,True
-1.1517131973591697,1.5674714300306107,1.3251329392526014,1.455617365150129,1.030112826606996,-1.1952736896035911,-0.8637583530817643,False,True
-1.5459210131968137,1.5674714300306107,2.4524701162799523,2.8871289650175167,2.4634850386260276,-1.5701624880004272,-0.8637583530817643,False,True
-1.414518407917599,1.5674714300306107,2.1579405835430765,1.455617365150129,1.8681781114215275,-1.3827180888020094,-0.8637583530817643,False,True
-1.414518407917599,1.5674714300306107,1.6602872351255975,1.6942026317946934,1.7449690957501043,-1.007829290405173,-0.8637583530817643,False,True
-1.2831158026383842,1.5674714300306107,1.3251329392526014,1.455617365150129,1.5912627989718935,-0.445496092809919,-0.8637583530817643,False,True
-1.414518407917599,1.5674714300306107,1.7516929521818692,2.201196323414393,1.0837880413549428,-1.7576068871988453,-0.8637583530817643,False,True
-0.7575053815215252,0.36817713470491054,0.38060719633779433,0.11357524027445268,0.2298641703648819,0.30428150398375325,-0.8637583530817643,False,True
-1.020310592079955,0.36817713470491054,0.634511965938549,-0.03554055137840009,0.42138709571550986,0.8666147015790074,-0.8637583530817643,False,True
-0.7575053815215252,0.36817713470491054,0.4517005318260056,-0.03554055137840009,0.015163311373095243,0.11683710478533513,-0.8637583530817643,False,True
-0.7575053815215252,0.36817713470491054,0.634511965938549,-0.3934184513452471,0.10787504593773027,0.30428150398375325,-0.8637583530817643,False,True
-0.10049235512545131,0.36817713470491054,0.10639004516897937,-0.18465634303125295,-0.03485222964203696,0.11683710478533513,-0.8637583530817643,False,True
0.293715460712193,-0.8311171606207896,-0.9193852240180692,-1.645991101229211,-1.1986284766770632,1.9912810967695158,-0.8637583530817643,False,False
-1.6773236184760283,1.5674714300306107,2.1579405835430765,1.455617365150129,2.518380144618246,-0.632940492008337,-0.8637583530817643,False,True
-1.5459210131968137,1.5674714300306107,2.1579405835430765,1.9626110567698287,2.407370041389538,-1.1952736896035911,-0.8637583530817643,False,True
-1.414518407917599,1.5674714300306107,1.7516929521818692,2.0520805317615407,2.0999574478331158,-1.007829290405173,-0.8637583530817643,False,True
-1.5459210131968137,1.5674714300306107,1.6501310443415675,2.3503121150672457,1.9108743049710306,-1.1952736896035911,-0.8637583530817643,False,True
-0.7575053815215252,0.36817713470491054,0.4517005318260056,-0.03554055137840009,-0.17513972273326125,-0.2580516936115009,-0.8637583530817643,False,True
-0.4947001709630956,-0.8311171606207896,-0.9193852240180692,-0.3934184513452471,-0.7972842573117344,1.2415034999758436,-0.8637583530817643,True,False
-0.3632975656838809,-0.8311171606207896,-0.4826690203047713,-0.8705889846343763,-0.6484575255106094,1.4289478991742617,-0.8637583530817643,False,True
-0.23189496040466606,-0.8311171606207896,-0.8076671253937372,-0.21447950136182353,-0.6752951328845828,0.30428150398375325,-0.8637583530817643,True,False
-0.7575053815215252,-1.4307643082836399,-1.1936023751868838,-0.33377213468410577,-0.9863674001738194,-0.8203848912067551,-0.8637583530817643,True,False
-0.6261027762423105,-0.8311171606207896,-0.6654804544173145,-0.4828879263369588,-0.7594676287393174,1.0540591007774258,-0.8637583530817643,False,True
-0.3632975656838809,0.36817713470491054,-0.3303261585443185,0.1732215569355939,-0.5618452471673318,-0.632940492008337,-0.8637583530817643,False,True
0.293715460712193,-0.8311171606207896,-0.909229033234039,-0.33377213468410577,-0.8143627347315355,-0.07060729441308278,-0.8637583530817643,False,False
-1.1517131973591697,1.5674714300306107,1.6501310443415675,1.3065015734972758,1.4021796561098083,-1.007829290405173,-0.8637583530817643,False,True
0.6879232765498374,-0.8311171606207896,-1.2139147567549444,-1.5565216262374995,-1.2998794499515989,1.4289478991742617,-0.8637583530817643,False,False
0.030910250153763436,-0.8311171606207896,-0.7264175991214956,-0.7811195096426646,-0.9448910978685876,-0.07060729441308278,-0.8637583530817643,False,False
-0.4947001709630956,-0.8311171606207896,-0.7467299806895561,-0.30394897635353524,-0.42765721029746495,-0.632940492008337,-0.8637583530817643,False,False
-0.6261027762423105,-0.8311171606207896,-0.6756366452013448,0.32233734858844676,-0.0787683144358115,-0.07060729441308278,-0.8637583530817643,False,False
-1.1517131973591697,1.5674714300306107,1.3251329392526014,1.455617365150129,0.5689939362723633,-1.7576068871988453,-0.8637583530817643,False,True
0.030910250153763436,-0.8311171606207896,-0.6756366452013448,0.26269103192730553,-0.33250569324428675,-0.632940492008337,-0.8637583530817643,False,False
-0.4947001709630956,0.36817713470491054,-0.3201699677602883,0.6205689318941525,-0.15318168033637394,-0.8203848912067551,-0.8637583530817643,True,False
-1.6773236184760283,1.5674714300306107,1.6501310443415675,2.3503121150672457,0.892265116004315,-1.7576068871988453,-0.8637583530817643,False,True
-0.4947001709630956,0.36817713470491054,0.10639004516897937,-0.18465634303125295,0.20668623672372305,0.30428150398375325,-0.5888937823566522,False,True
-0.3632975656838809,0.36817713470491054,0.12670242673703974,-0.22939108052710885,-0.0702290757259109,0.49172590318217124,-0.5888937823566522,False,True
-0.6261027762423105,0.36817713470491054,0.4517005318260056,-0.03554055137840009,-0.03851190337485149,0.11683710478533513,-0.5888937823566522,False,True
-1.1517131973591697,0.36817713470491054,0.634511965938549,-0.03554055137840009,0.49214078788325777,0.49172590318217124,-0.5888937823566522,False,True
0.950728487108267,-0.8311171606207896,-1.1021966581306126,-1.0197047762872293,-1.1986284766770632,1.2415034999758436,-0.5888937823566522,True,False
0.293715460712193,-0.8311171606207896,-0.6654804544173145,-0.6320037179898117,-0.5874629632970336,0.30428150398375325,-0.5888937823566522,False,True
1.0821310923874818,-0.8311171606207896,-1.1834461844028539,-1.0793510929483705,-1.337696078524016,1.9912810967695158,-0.5888937823566522,True,False
0.16231285543297827,-0.8311171606207896,-0.4826690203047713,-0.7811195096426646,-0.47645286006832566,0.49172590318217124,-0.5888937823566522,False,True
-1.020310592079955,0.36817713470491054,0.634511965938549,-0.03554055137840009,1.0349923915840822,0.49172590318217124,-0.5888937823566522,False,True
-1.020310592079955,0.36817713470491054,0.7157614922107904,0.26269103192730553,0.8532285961876265,0.8666147015790074,-0.5888937823566522,False,True
-0.7575053815215252,0.36817713470491054,0.38060719633779433,0.11357524027445268,0.8300506625464678,0.30428150398375325,-0.5888937823566522,False,True
-1.020310592079955,1.5674714300306107,1.1626338867081183,1.1573857818444229,1.4741532395218275,-0.632940492008337,-0.5888937823566522,False,True
-1.414518407917599,1.5674714300306107,1.6501310443415675,1.455617365150129,2.154852553825334,-0.445496092809919,-0.5888937823566522,False,True
-1.2831158026383842,1.5674714300306107,1.3251329392526014,1.455617365150129,1.8596388727116266,-0.8203848912067551,-0.5888937823566522,False,True
-1.2831158026383842,1.5674714300306107,1.1626338867081183,1.1573857818444229,2.080439187924771,0.11683710478533513,-0.5888937823566522,False,True
-1.2831158026383842,1.5674714300306107,1.1829462682761789,1.455617365150129,1.6156606238573237,-0.07060729441308278,-0.5888937823566522,False,True
0.6879232765498374,-0.8311171606207896,-0.909229033234039,-0.5425342429981,-0.8704777319680252,0.30428150398375325,-0.5888937823566522,False,False
0.293715460712193,-0.8311171606207896,-1.1021966581306126,-1.0197047762872293,-1.1827698905015336,-0.07060729441308278,-0.5888937823566522,False,False
0.293715460712193,-0.8311171606207896,-0.9193852240180692,-0.6916500346509529,-0.7716665411820325,-0.445496092809919,-0.5888937823566522,False,False
0.950728487108267,-0.8311171606207896,-1.1326652304827032,-1.467052151245788,-1.5658157412027893,0.30428150398375325,-0.5888937823566522,True,False
1.0821310923874818,-0.8311171606207896,-1.0615718949944912,-1.1986437262706526,-1.1339742407306728,1.2415034999758436,-0.5888937823566522,True,False
0.5565206712706225,-0.8311171606207896,-0.9904785595062805,-0.7811195096426646,-0.9851475089295477,-0.445496092809919,-0.5888937823566522,False,True
0.030910250153763436,-0.8311171606207896,-0.9904785595062805,-0.7811195096426646,-1.0058856600821635,-0.07060729441308278,-0.5888937823566522,False,False
0.293715460712193,-0.8311171606207896,-0.7264175991214956,-0.7811195096426646,-0.8375406683726944,-0.632940492008337,-0.5888937823566522,False,False
0.030910250153763436,-0.8311171606207896,-0.685792835985375,-0.12501002637011188,-0.5411070960147161,-0.2580516936115009,-0.5888937823566522,True,False
0.293715460712193,-0.8311171606207896,-0.8076671253937372,-0.24430265969239418,-0.6606564379533245,-0.07060729441308278,-0.5888937823566522,True,False
0.950728487108267,-0.8311171606207896,-1.1021966581306126,-1.0197047762872293,-1.1376339144634873,0.11683710478533513,-0.5888937823566522,False,False
-0.6261027762423105,0.36817713470491054,0.38060719633779433,-0.18465634303125295,0.4043086182957087,0.11683710478533513,-0.31402921163154,False,True
-0.7575053815215252,0.36817713470491054,0.634511965938549,0.11357524027445268,0.6421874109286543,0.11683710478533513,-0.31402921163154,False,True
-1.1517131973591697,0.36817713470491054,0.634511965938549,-0.8705889846343763,0.6092503473333233,1.9912810967695158,-0.31402921163154,False,True
-1.1517131973591697,0.36817713470491054,0.634511965938549,-0.8705889846343763,0.2750001464029279,1.4289478991742617,-0.31402921163154,False,True
-1.020310592079955,1.5674714300306107,2.1579405835430765,2.0520805317615407,2.1170359252529174,-1.5701624880004272,-0.31402921163154,False,True
-1.1517131973591697,1.5674714300306107,1.6501310443415675,1.3065015734972758,1.8389007215590114,-0.632940492008337,-0.31402921163154,False,True
-1.020310592079955,1.5674714300306107,1.3251329392526014,1.455617365150129,1.909654413726759,-0.445496092809919,-0.31402921163154,False,True
-1.2831158026383842,1.5674714300306107,1.6602872351255975,1.3959710484889876,2.10361712156593,-0.8203848912067551,-0.31402921163154,False,True
-0.88890798680074,0.36817713470491054,0.4415443410419755,0.26269103192730553,1.1886986883622932,1.9912810967695158,-0.31402921163154,False,True
-1.020310592079955,0.36817713470491054,0.634511965938549,0.11357524027445268,1.1764997759195779,1.0540591007774258,-0.31402921163154,False,True
-1.1517131973591697,0.36817713470491054,0.7157614922107904,0.26269103192730553,0.972777938126235,1.2415034999758436,-0.31402921163154,False,True
-0.7575053815215252,0.36817713470491054,0.38060719633779433,-0.18465634303125295,1.0398719565611685,1.2415034999758436,-0.31402921163154,False,True
-0.3632975656838809,0.36817713470491054,0.4415443410419755,0.26269103192730553,0.12983308833461757,-0.2580516936115009,-0.31402921163154,False,True
-0.4947001709630956,1.5674714300306107,0.7563862553469112,0.26269103192730553,0.35185329479203353,-0.8203848912067551,-0.31402921163154,False,True
-1.414518407917599,1.5674714300306107,1.1626338867081183,0.8293310402081466,0.2884189500899147,-1.3827180888020094,-0.31402921163154,False,True
0.6879232765498374,-0.8311171606207896,-0.9193852240180692,-0.7811195096426646,-0.9290325116930582,0.11683710478533513,-0.31402921163154,True,False
-0.10049235512545131,-0.8311171606207896,-0.4826690203047713,-0.5425342429981,-0.3581234093739887,0.49172590318217124,-0.31402921163154,False,True
-0.4947001709630956,0.36817713470491054,0.4517005318260056,-0.03554055137840009,-0.022653317199321735,0.11683710478533513,-0.31402921163154,False,True
-0.10049235512545131,-0.8311171606207896,-0.4826690203047713,-0.6916500346509529,-0.41545829785474986,1.0540591007774258,-0.31402921163154,False,True
0.030910250153763436,-0.8311171606207896,-0.5436061650089524,-0.15483318470068239,-0.2812702609848831,-0.8203848912067551,-0.31402921163154,True,False
0.16231285543297827,-0.8311171606207896,-0.9904785595062805,-0.9004121429649469,-0.8655981669909392,0.30428150398375325,-0.31402921163154,False,False
0.030910250153763436,-0.8311171606207896,-0.6959490267694051,-0.12501002637011188,-0.47279318633551115,0.49172590318217124,-0.31402921163154,True,False
-0.7575053815215252,0.36817713470491054,-0.16782710599983547,-0.12501002637011188,0.06273906989968422,-0.445496092809919,-0.31402921163154,False,True
0.6879232765498374,-0.8311171606207896,-0.9904785595062805,-0.9302353012955176,-1.214487062852593,-0.632940492008337,-0.31402921163154,False,False
-0.6261027762423105,0.36817713470491054,0.4517005318260056,-0.33377213468410577,0.33965438234931833,0.49172590318217124,-0.31402921163154,False,True
-0.10049235512545131,-0.8311171606207896,-0.7365737899055258,-0.18465634303125295,-0.2910293909390552,-0.2580516936115009,-0.31402921163154,False,False
-0.10049235512545131,-0.8311171606207896,-0.685792835985375,-0.3934184513452471,0.029802006304353392,0.49172590318217124,-0.31402921163154,False,False
-0.23189496040466606,-0.8311171606207896,-0.6756366452013448,-0.09518686803954131,0.015163311373095243,-0.445496092809919,-0.31402921163154,False,False
0.16231285543297827,-0.8311171606207896,-0.6756366452013448,0.41180682358015847,-0.3190868895573001,-0.8203848912067551,-0.31402921163154,False,False
1.2135336976666964,-0.8311171606207896,-0.9803223687222503,-1.437228992915217,-1.387711619539148,0.6791703023805894,-0.31402921163154,True,False
0.5565206712706225,-0.8311171606207896,-0.8178233161777674,-0.4530647680063883,-0.5716043771215039,-0.07060729441308278,-0.03916464090642795,False,False
0.16231285543297827,-0.8311171606207896,-0.7264175991214956,-0.6021805596592412,-0.8692578407237537,0.4542370233424871,-0.03916464090642795,False,False
0.16231285543297827,-0.8311171606207896,-0.4826690203047713,-0.2741258180229647,-0.4398561227401801,-0.2955405734511844,-0.03916464090642795,False,True
0.293715460712193,-0.8311171606207896,-0.909229033234039,-0.6618268763203823,-0.8265616471742507,0.7541480620599563,-0.03916464090642795,False,True
0.4251180659914079,-0.8311171606207896,-0.8787604608819485,-0.5425342429981,-0.891215883120641,-0.1455850540924498,-0.03916464090642795,False,False
-0.8232066841611327,1.5674714300306107,1.1931024590602093,1.1573857818444229,1.56442519159792,-1.007829290405173,-0.03916464090642795,False,True
-1.020310592079955,1.5674714300306107,1.3251329392526014,1.455617365150129,1.533927910491132,-1.007829290405173,-0.03916464090642795,False,True
-1.0860118947195623,1.5674714300306107,1.1829462682761789,0.5609226152330113,1.2557927067972265,-0.6704293718480204,-0.03916464090642795,False,True
-1.2174144999987768,1.5674714300306107,1.6602872351255975,1.51526368181127,1.56442519159792,-1.0828070500845401,-0.03916464090642795,False,True
-0.23189496040466606,0.36817713470491054,0.38060719633779433,-0.03554055137840009,0.36649198972329167,-0.10809617425276627,-0.03916464090642795,False,True
-0.23189496040466606,0.36817713470491054,0.634511965938549,0.11357524027445268,0.5128789390358736,-0.445496092809919,-0.03916464090642795,False,True
0.030910250153763436,0.36817713470491054,0.12670242673703974,-0.6021805596592412,0.09689602473928667,0.7166591822202736,-0.03916464090642795,False,True
-0.16619365776505862,0.36817713470491054,0.4517005318260056,-0.33377213468410577,0.18594808557110734,0.7166591822202736,-0.03916464090642795,False,True
0.6879232765498374,-0.8311171606207896,-1.0412595134264315,-1.467052151245788,-1.0949377209139843,2.4411476548457185,-0.03916464090642795,False,True
0.09661155279337084,-0.8311171606207896,-0.909229033234039,-1.228466884601223,-0.9375717504029585,2.403658775006036,-0.03916464090642795,False,True
0.6879232765498374,-0.8311171606207896,-0.9904785595062805,-0.9302353012955176,-1.214487062852593,-0.5579627323289701,-0.03916464090642795,False,False
1.2135336976666964,-0.8311171606207896,-0.9803223687222503,-1.437228992915217,-1.387711619539148,0.6416814225409053,-0.03916464090642795,True,False
-0.4947001709630956,0.36817713470491054,0.38060719633779433,-0.03554055137840009,0.8764065298287853,0.7541480620599563,-0.03916464090642795,False,True
-0.7575053815215252,0.36817713470491054,0.634511965938549,-0.6916500346509529,0.7824749040198786,1.9912810967695158,-0.03916464090642795,False,True
-0.6918040788819179,0.36817713470491054,0.634511965938549,0.26269103192730553,0.8690871823631562,0.1918148644647021,-0.03916464090642795,False,True
-0.8232066841611327,0.36817713470491054,0.7157614922107904,-0.18465634303125295,0.3176963399524311,0.7916369418996405,-0.03916464090642795,False,True
0.7536245791894448,-0.8311171606207896,-0.9193852240180692,-0.9004121429649469,-1.3511148822110028,-1.3077403291226422,-0.03916464090642795,False,False
1.0821310923874818,-0.8311171606207896,-1.0412595134264315,-0.9302353012955176,-1.1498328269062024,0.49172590318217124,-0.03916464090642795,True,False
0.5565206712706225,-0.8311171606207896,-0.9193852240180692,-0.7811195096426646,-0.9485507716014023,0.2667926241440691,-0.03916464090642795,True,False
0.3594167633518004,-0.8311171606207896,-0.4826690203047713,-0.8705889846343763,-0.4483953614500808,-0.7828960113670717,-0.03916464090642795,False,True
-0.4947001709630956,-0.8311171606207896,-0.5842309281450732,0.024105765282741016,0.2652410164487558,0.004370465266284008,-0.03916464090642795,False,False
-1.414518407917599,1.5674714300306107,1.3251329392526014,1.455617365150129,1.2289550994232532,-0.9328515307258062,-0.03916464090642795,False,True
-0.6261027762423105,-0.8311171606207896,-0.685792835985375,-0.3934184513452471,0.4116279657613377,2.328681015326668,-0.03916464090642795,False,False
-0.6261027762423105,0.36817713470491054,-0.3201699677602883,0.20304471526616444,-0.0031350572909775386,-0.07060729441308278,-0.03916464090642795,True,False
-0.9546092894403474,0.36817713470491054,-0.1982956783519261,0.5609226152330113,1.0825681501106712,0.3792592636631201,-0.03916464090642795,False,False
-0.9546092894403474,1.5674714300306107,1.6501310443415675,2.3503121150672457,1.76570724690272,-1.345229208962326,-0.03916464090642795,False,True
-1.414518407917599,1.5674714300306107,1.6501310443415675,1.3065015734972758,1.3692425925144776,-1.3827180888020094,-0.03916464090642795,False,True
-1.414518407917599,1.5674714300306107,1.1626338867081183,0.8591541985387171,1.143562712324247,-0.2580516936115009,-0.03916464090642795,False,True
-1.414518407917599,1.5674714300306107,1.3251329392526014,1.455617365150129,1.003275219233023,-0.632940492008337,-0.03916464090642795,False,True
1.0164297897478745,-0.8311171606207896,-0.909229033234039,-0.9898816179566589,-1.082738808471269,1.0540591007774258,0.23569992981868415,True,False
0.8193258818290522,-0.8311171606207896,-0.7771985530416466,-0.6320037179898117,-0.9485507716014023,-0.3330294532908679,0.23569992981868415,False,True
1.6077415135043411,-0.8311171606207896,-1.1021966581306126,-1.2881132012623644,-1.3511148822110028,1.0915479806171096,0.23569992981868415,False,False
0.2280141580725856,-0.8311171606207896,-0.6654804544173145,-0.15483318470068239,-0.7716665411820325,-0.07060729441308278,0.23569992981868415,False,True
1.279235000306304,-0.8311171606207896,-1.0412595134264315,-0.9302353012955176,-1.2047279328984206,0.4167481435028043,0.23569992981868415,True,False
-0.8232066841611327,1.5674714300306107,1.1931024590602093,1.3065015734972758,1.1557616247669622,-1.1952736896035911,0.23569992981868415,False,True
-0.88890798680074,1.5674714300306107,0.7360738737788508,0.26269103192730553,1.375342048735835,1.2415034999758436,0.23569992981868415,False,True
-1.0860118947195623,1.5674714300306107,1.3251329392526014,1.3065015734972758,1.4729333482775564,-0.7454071315273881,0.23569992981868415,False,True
-1.1517131973591697,1.5674714300306107,1.1626338867081183,0.8591541985387171,1.6620164911396413,-0.2955405734511844,0.23569992981868415,False,True
-0.8232066841611327,0.36817713470491054,0.634511965938549,0.26269103192730553,0.7166007768292167,0.2667926241440691,0.23569992981868415,False,True
-0.42899886832348827,0.36817713470491054,0.4415443410419755,0.11357524027445268,0.6007111086234228,0.4542370233424871,0.23569992981868415,False,True
-0.6261027762423105,0.36817713470491054,0.38060719633779433,-0.03554055137840009,0.8507888136990834,0.7541480620599563,0.23569992981868415,False,True
-0.6918040788819179,0.36817713470491054,0.634511965938549,-0.09518686803954131,0.7227002330505743,1.2415034999758436,0.23569992981868415,False,True
-1.020310592079955,1.5674714300306107,2.1579405835430765,2.3503121150672457,1.5705246478192776,-1.720118007359162,0.23569992981868415,False,True
-1.0860118947195623,1.5674714300306107,1.6501310443415675,2.0520805317615407,1.5034306293843442,-1.6076513678401105,0.23569992981868415,False,True
-1.0860118947195623,1.5674714300306107,2.1579405835430765,2.648543698372952,1.6986132284677868,-1.3077403291226422,0.23569992981868415,False,True
-1.020310592079955,1.5674714300306107,1.6602872351255975,1.4257942068195582,1.710812140910502,-0.445496092809919,0.23569992981868415,False,True
0.6879232765498374,-0.8311171606207896,-0.9193852240180692,-0.6916500346509529,-1.2108273891197783,-0.445496092809919,0.23569992981868415,False,False
0.09661155279337084,-0.8311171606207896,-0.37095092168043925,-0.3934184513452471,-0.23491439370256556,0.11683710478533513,0.23569992981868415,False,True
0.293715460712193,-0.8311171606207896,-0.9193852240180692,-0.7811195096426646,-0.8143627347315355,0.9415924612583744,0.23569992981868415,True,False
0.2280141580725856,-0.8311171606207896,-0.4826690203047713,-0.36359529301467647,-0.21661602503849278,0.04185934510596823,0.23569992981868415,False,True
0.8850271844686596,-0.8311171606207896,-0.909229033234039,-1.1389974096095115,-1.07541946100564,0.49172590318217124,0.23569992981868415,False,True
1.279235000306304,-0.8311171606207896,-0.909229033234039,-0.5425342429981,-1.0461420711431237,0.07934822494565162,0.23569992981868415,False,True
0.8193258818290522,-0.8311171606207896,-0.9193852240180692,-1.0197047762872293,-1.1559322831275602,0.2667926241440691,0.23569992981868415,True,False
0.8850271844686596,-0.8311171606207896,-0.9193852240180692,-0.6916500346509529,-0.9058545780518992,-0.5954516121686535,0.23569992981868415,False,False
-0.23189496040466606,0.36817713470491054,-0.42173187560059017,-0.12501002637011188,-0.14342255038220186,-0.445496092809919,0.23569992981868415,True,False
-0.29759626304427345,-0.8311171606207896,-0.6756366452013448,0.26269103192730553,-0.4056991679005778,-1.0828070500845401,0.23569992981868415,False,False
-0.29759626304427345,-1.4307643082836399,-1.0920404673465822,0.26269103192730553,-0.25931221858799586,-0.8203848912067551,0.23569992981868415,True,False
2.540700010986767,-0.8311171606207896,-0.9904785595062805,-1.5863447845680703,-1.1559322831275602,2.178725495967934,0.5105645005437964,False,False
1.6208817740322625,-0.8311171606207896,-0.909229033234039,-1.0495279346177997,-1.3816121633177905,-0.4829849726496025,0.5105645005437964,False,True
1.1872531766108534,-0.8311171606207896,-1.1123528489146426,-1.467052151245788,-1.1559322831275602,1.3914590193345775,0.5105645005437964,True,False
2.054510371453671,-0.8311171606207896,-1.0412595134264315,-0.9302353012955176,-1.0522415273644812,1.0915479806171096,0.5105645005437964,True,False
1.6208817740322625,-0.8311171606207896,-0.9803223687222503,-1.228466884601223,-1.3816121633177905,0.2667926241440691,0.5105645005437964,True,False
-0.5078404314910172,1.5674714300306107,0.7360738737788508,0.26269103192730553,0.5275176339671317,-0.07060729441308278,0.5105645005437964,False,True
-0.5735417341306247,1.5674714300306107,1.3251329392526014,1.1573857818444229,0.9788773943475926,-0.9328515307258062,0.5105645005437964,False,True
-0.46841964990725277,1.5674714300306107,1.1626338867081183,1.1275626235138523,0.7775953390427925,-1.0828070500845401,0.5105645005437964,False,True
-0.5998222551864676,0.36817713470491054,0.4415443410419755,0.11357524027445268,0.7348991454932895,1.3164812596552107,0.5105645005437964,False,True
-0.42899886832348827,0.36817713470491054,0.12670242673703974,-0.18465634303125295,0.2713404726701134,0.9415924612583744,0.5105645005437964,False,True
-0.46841964990725277,0.36817713470491054,0.12670242673703974,-0.4828879263369588,0.03956113625852549,0.04185934510596823,0.5105645005437964,False,True
0.17545311596089994,-0.8311171606207896,-0.4826690203047713,-0.3934184513452471,-0.25931221858799586,-0.10809617425276627,0.5105645005437964,False,True
-0.42899886832348827,0.36817713470491054,0.38060719633779433,-0.03554055137840009,0.6068105648447804,0.5667036628615383,0.5105645005437964,False,True
-0.5735417341306247,0.36817713470491054,0.4517005318260056,-0.33377213468410577,0.3384344911050468,0.5667036628615383,0.5105645005437964,False,True
-0.41585860779556655,0.36817713470491054,0.4415443410419755,0.11357524027445268,0.5458160026312044,0.04185934510596823,0.5105645005437964,False,True
-0.38957808673972366,0.36817713470491054,0.12670242673703974,-0.4828879263369588,0.16764971690703456,0.3792592636631201,0.5105645005437964,False,True
-0.6786638183539963,0.36817713470491054,0.38060719633779433,0.26269103192730553,0.8385899012563683,1.1290368604567926,0.5105645005437964,False,True
-0.7443651209936036,0.36817713470491054,0.7157614922107904,0.5609226152330113,0.58241273995935,-0.22056281377181738,0.5105645005437964,False,True
-0.5998222551864676,1.5674714300306107,1.1931024590602093,1.3065015734972758,0.6007111086234228,-0.9328515307258062,0.5105645005437964,False,True
-0.7969261631052897,0.36817713470491054,0.4415443410419755,1.902964740108687,0.625108933508853,-0.8578737710464385,0.5105645005437964,False,True
-0.7443651209936036,1.5674714300306107,1.1626338867081183,1.1275626235138523,0.33233503488368926,-1.6826291275194782,0.5105645005437964,False,True
-0.8232066841611327,1.5674714300306107,1.3251329392526014,1.1573857818444229,1.3997398736212654,-0.7454071315273881,0.5105645005437964,False,True
0.8193258818290522,-0.8311171606207896,-0.909229033234039,-0.9898816179566589,-0.9485507716014023,0.30428150398375325,0.5105645005437964,False,True
0.4908193686310152,-0.8311171606207896,-0.5436061650089524,-0.18465634303125295,-0.4544948176714384,-0.5579627323289701,0.5105645005437964,True,False
0.45139858704725067,-0.8311171606207896,-0.6959490267694051,-0.12501002637011188,-0.7716665411820325,-0.370518333130552,0.5105645005437964,True,False
0.9375882265803454,-0.8311171606207896,-0.8381356977458276,-0.7811195096426646,-0.8570589282810386,-0.445496092809919,0.5105645005437964,False,True
-0.35015730515595916,-0.8311171606207896,-0.5436061650089524,-0.18465634303125295,-0.5093899236636565,-0.3330294532908679,0.5105645005437964,True,False
-0.07421183406960839,-0.8311171606207896,-0.3201699677602883,0.11357524027445268,-0.228814937481208,0.3792592636631201,0.5105645005437964,False,True
0.00462972909792061,-0.8311171606207896,-0.37095092168043925,-0.4828879263369588,-0.09462690061134127,0.7166591822202736,0.5105645005437964,False,True
0.017769989625841764,-0.8311171606207896,-0.6959490267694051,-0.12501002637011188,-0.6435779605335233,-0.2955405734511844,0.5105645005437964,True,False
-0.4552793893793311,-0.2314700129579396,-0.574074737361043,0.05392892361331169,-0.12512418171812917,0.07934822494565162,0.5105645005437964,False,False
-0.88890798680074,0.36817713470491054,-0.249076632272077,0.7100384068858643,0.25304210400604077,-0.7828960113670717,0.5105645005437964,False,False
-0.2844560025163518,-0.8311171606207896,-0.6756366452013448,0.41180682358015847,-0.1678203752676322,0.004370465266284008,0.5105645005437964,False,False
-0.9940300710241121,0.36817713470491054,-0.249076632272077,0.9486236735304289,0.58241273995935,0.04185934510596823,0.5105645005437964,False,False
1.0164297897478745,-0.8311171606207896,-1.0006347502903106,-0.9004121429649469,-1.1498328269062024,-0.2955405734511844,0.5105645005437964,False,False
0.7536245791894448,-0.8311171606207896,-0.909229033234039,-0.9898816179566589,-0.9729485964868325,0.34177038382343733,0.5105645005437964,True,False
-0.29759626304427345,0.36817713470491054,0.4415443410419755,0.41180682358015847,0.38113068465454986,-0.10809617425276627,0.7854290712689085,False,True
-0.5209806920189385,0.36817713470491054,0.12670242673703974,-0.4828879263369588,0.07005841736531329,0.9415924612583744,0.7854290712689085,False,True
-0.19247417882090156,-0.8311171606207896,-0.4826690203047713,-0.3934184513452471,-0.05193070706183813,0.6041925427012225,0.7854290712689085,False,True
-0.46841964990725277,0.36817713470491054,0.4517005318260056,-0.33377213468410577,0.40552850953998015,0.9415924612583744,0.7854290712689085,False,True
-0.41585860779556655,0.36817713470491054,0.38060719633779433,0.26269103192730553,0.5214181777457741,0.34177038382343733,0.7854290712689085,False,True
-0.88890798680074,1.5674714300306107,1.1931024590602093,0.8591541985387171,1.1069659749961016,-0.10809617425276627,0.7854290712689085,False,True
-0.810066423633211,1.5674714300306107,1.1626338867081183,0.8293310402081466,0.9666784819048775,-0.8578737710464385,0.7854290712689085,False,True
-0.9546092894403474,1.5674714300306107,1.6602872351255975,1.0977394651832817,1.247253468087326,-0.9328515307258062,0.7854290712689085,False,True
-0.7312248604656824,1.5674714300306107,1.3251329392526014,1.0082699901915702,1.0947670625533863,-0.1830739339321339,0.7854290712689085,False,True
-0.9020482473286616,1.5674714300306107,1.6501310443415675,1.6047331568029817,1.7413094220172898,-0.2955405734511844,0.7854290712689085,False,True
-1.0860118947195623,1.5674714300306107,1.6602872351255975,1.217032098505564,1.368022701270206,-0.520473852489286,0.7854290712689085,False,True
-0.5998222551864676,1.5674714300306107,0.8071672092670621,0.7100384068858643,0.8202915325922955,-0.2580516936115009,0.7854290712689085,False,True
-0.6918040788819179,1.5674714300306107,1.7516929521818692,1.455617365150129,1.2289550994232532,-1.007829290405173,0.7854290712689085,False,True
1.0689908318595602,-0.8311171606207896,-1.0006347502903106,-0.9004121429649469,-1.229125757783851,-0.632940492008337,0.7854290712689085,False,False
1.358076563473833,-0.8311171606207896,-1.0311033226424013,-1.0793510929483705,-1.1681311955702756,-0.1830739339321339,0.7854290712689085,True,False
1.568320731920577,-0.8311171606207896,-0.909229033234039,-0.6320037179898117,-1.2413246702265661,-0.4829849726496025,0.7854290712689085,False,True
0.47767910810309355,-0.8311171606207896,-0.6756366452013448,-0.6320037179898117,-0.3203067808015716,-0.2580516936115009,0.7854290712689085,False,True
0.21487389754466404,-0.2314700129579396,-0.04595281659147332,-0.7214731929815235,0.728799689271932,1.653881178212364,0.7854290712689085,False,False
-0.10049235512545131,1.5674714300306107,1.6501310443415675,0.7100384068858643,1.1801594496523926,0.6416814225409053,0.7854290712689085,False,True
0.45139858704725067,-0.8311171606207896,-0.4725128295207411,-0.9004121429649469,0.3140366662196165,3.4158585306774927,0.7854290712689085,False,False
0.017769989625841764,1.5674714300306107,0.7360738737788508,-0.33377213468410577,0.5946116524020651,2.4411476548457185,0.7854290712689085,False,True
1.3712168240017546,-0.8311171606207896,-0.8381356977458276,-0.9302353012955176,-0.8936556656091841,-0.9328515307258062,0.7854290712689085,False,True
1.4106376055855185,-0.8311171606207896,-0.8381356977458276,-0.9302353012955176,-0.9546502278227599,-0.2955405734511844,0.7854290712689085,False,True
1.055850571331639,-0.8311171606207896,-1.0412595134264315,-1.0793510929483705,-1.1132360895780569,1.3164812596552107,0.7854290712689085,True,False
1.7785649003673198,-0.8311171606207896,-0.9803223687222503,-0.9600584596260882,-0.9790480527081902,-0.370518333130552,0.7854290712689085,False,False
0.6090817133823083,-0.8311171606207896,-0.37095092168043925,-0.33377213468410577,-0.3203067808015716,0.11683710478533513,0.7854290712689085,False,True
0.6616427554939944,0.36817713470491054,-0.1475147244317751,0.41180682358015847,-0.41179862412193535,-1.6451402476797943,0.7854290712689085,False,True
0.3988375449355649,0.36817713470491054,-0.1475147244317751,0.41180682358015847,-0.28371004347342615,-1.0453181702448566,0.7854290712689085,False,True
1.279235000306304,-0.8311171606207896,-0.37095092168043925,-0.33377213468410577,-0.4593743826485244,-0.9328515307258062,0.7854290712689085,False,True
2.330455842540022,-0.8311171606207896,-0.909229033234039,-0.751296351312094,-0.961969575288389,-0.370518333130552,1.0602936419940208,False,False
1.8836869845906923,-0.8311171606207896,-1.0006347502903106,-1.228466884601223,-1.1766704342801757,1.1665257402964766,1.0602936419940208,True,False
1.0952713529154035,-0.8311171606207896,-0.909229033234039,-0.9302353012955176,-0.9912469651509053,-0.07060729441308278,1.0602936419940208,False,True
1.7654246398393991,-0.8311171606207896,-1.0311033226424013,-1.0793510929483705,-1.1144559808223284,0.2667926241440691,1.0602936419940208,True,False
0.5565206712706225,-0.8311171606207896,-0.37095092168043925,-0.33377213468410577,-0.3105476508473995,0.30428150398375325,1.0602936419940208,False,True
0.3462765028238788,-0.8311171606207896,-0.4826690203047713,-0.3934184513452471,-0.07632853194726848,0.9041035814186917,1.0602936419940208,False,True
0.07033103173752792,-0.8311171606207896,-0.37095092168043925,-0.33377213468410577,0.08591700354084304,1.653881178212364,1.0602936419940208,False,True
-0.6129625157143888,0.36817713470491054,0.38060719633779433,-0.33377213468410577,0.547035893875476,1.1290368604567926,1.0602936419940208,False,True
1.3843570845296755,-0.8311171606207896,-0.9193852240180692,-0.6916500346509529,-0.9082943605404422,0.04185934510596823,1.0602936419940208,False,False
0.7930453607732093,-0.8311171606207896,-0.5436061650089524,-0.33377213468410577,-0.27029123978643943,-0.07060729441308278,1.0602936419940208,True,False
0.9901492686920313,-0.8311171606207896,-0.685792835985375,-0.7811195096426646,-0.47645286006832566,0.6791703023805894,1.0602936419940208,True,False
1.7391441187835557,-0.8311171606207896,-0.6959490267694051,-0.2741258180229647,-0.6082011144496494,-0.2580516936115009,1.0602936419940208,True,False
1.108411613443325,-0.8311171606207896,-0.8076671253937372,-0.7811195096426646,-0.8143627347315355,-0.1830739339321339,1.0602936419940208,True,False
0.5433804107427009,-0.8311171606207896,-0.3201699677602883,0.11357524027445268,-0.16172091904627453,-0.4829849726496025,1.0602936419940208,False,True
2.2384740188445718,-0.8311171606207896,-1.0412595134264315,-1.0793510929483705,-1.0034458775936204,1.3164812596552107,1.0602936419940208,True,False
2.6983831373218234,-0.8311171606207896,-0.9904785595062805,-1.5863447845680703,-1.0339431587004086,2.2537032556473005,1.0602936419940208,False,False
2.58012079257053,-0.8311171606207896,-0.9904785595062805,-1.5863447845680703,-0.7289703476325294,3.0034808524409726,1.0602936419940208,False,False
1.660302555616027,-0.2314700129579396,-0.6756366452013448,-1.0197047762872293,0.021262767594452805,1.5789034185329955,1.0602936419940208,False,False
0.8193258818290522,-0.8311171606207896,-0.42173187560059017,-1.0197047762872293,0.3872301408759074,2.291192135486985,1.0602936419940208,False,False
2.7378039189055885,-0.8311171606207896,-0.9803223687222503,-1.0197047762872293,-1.3206176011042148,-0.707918251687704,1.0602936419940208,True,False
2.251614279372493,-0.8311171606207896,-1.0412595134264315,-0.22939108052710885,-1.3389159697682875,0.6041925427012225,1.0602936419940208,False,False
1.318655781890068,-0.8311171606207896,-0.9193852240180692,-1.0197047762872293,-0.9607496840441174,0.8666147015790074,1.0602936419940208,True,False
0.7930453607732093,-0.8311171606207896,-1.0006347502903106,-1.168820567940082,-1.3267170573255724,-0.1455850540924498,1.0602936419940208,False,False
1.1741129160829327,0.36817713470491054,-0.1982956783519261,0.9188005151998583,-0.02753288217640788,-1.6076513678401105,1.0602936419940208,True,False
-0.008510531430001059,-1.4307643082836399,-1.1936023751868838,-0.03554055137840009,-0.6252795918694506,-1.1952736896035911,1.0602936419940208,True,False
1.476338908225126,-0.8311171606207896,-0.6654804544173145,-0.3934184513452471,-0.5276882923277294,-0.22056281377181738,1.0602936419940208,False,False
-0.02165079195792232,-0.8311171606207896,-0.4826690203047713,-0.22939108052710885,-0.03363233839776544,-0.520473852489286,1.0602936419940208,False,True
1.1346921344991676,-0.8311171606207896,-0.8178233161777674,-0.8705889846343763,-0.7838654536247477,0.49172590318217124,1.0602936419940208,True,False
0.45139858704725067,-0.8311171606207896,-0.5334499742249221,-0.5127110846675295,-0.5398872047704445,0.004370465266284008,1.3351582127191328,False,True
0.3725570238797221,-0.8311171606207896,-0.37095092168043925,-0.5127110846675295,-0.36300297435107465,0.2667926241440691,1.3351582127191328,False,True
0.2674349396563502,-0.8311171606207896,-0.3201699677602883,-0.2741258180229647,-0.3813013430151474,-0.4829849726496025,1.3351582127191328,False,True
-0.034791052485843986,0.36817713470491054,-0.1475147244317751,0.26269103192730553,-0.2532127623666383,-1.1577848097639076,1.3351582127191328,False,True
0.8193258818290522,-0.8311171606207896,-0.5334499742249221,-0.5127110846675295,-0.6679757854189536,-1.0453181702448566,1.3351582127191328,False,True
2.015089589869907,-0.8311171606207896,-1.1021966581306126,-1.2881132012623644,-1.4365072693100087,0.4542370233424871,1.3351582127191328,True,False
2.0019493293419854,-0.8311171606207896,-1.0311033226424013,-1.109174251278941,-1.290120319997427,0.2667926241440691,1.3351582127191328,False,True
1.4894791687530478,-0.8311171606207896,-1.0818842765625523,-1.228466884601223,-1.430407813088651,0.15432598462501934,1.3351582127191328,True,False
1.1215518739712458,-0.8311171606207896,-0.9193852240180692,-1.0197047762872293,-1.0583409835858388,0.7916369418996405,1.3351582127191328,True,False
1.7391441187835557,-0.8311171606207896,-1.0412595134264315,-1.0793510929483705,-1.1681311955702756,1.3914590193345775,1.3351582127191328,True,False
1.8311259424790063,-0.8311171606207896,-1.0006347502903106,-1.168820567940082,-1.0766393522499116,0.6041925427012225,1.3351582127191328,True,False
1.358076563473833,-0.8311171606207896,-0.9803223687222503,-0.9898816179566589,-1.1559322831275602,0.11683710478533513,1.3351582127191328,True,False
1.4369181266413622,-0.8311171606207896,-0.8381356977458276,-1.1389974096095115,-0.8753572969451112,-0.2955405734511844,1.3351582127191328,False,True
1.3974973450575972,-0.8311171606207896,-0.909229033234039,-1.0793510929483705,-1.082738808471269,0.1918148644647021,1.3351582127191328,False,True
0.8061856213011305,-0.8311171606207896,-0.909229033234039,-1.0793510929483705,-0.6740752416403112,1.878814457250465,1.3351582127191328,False,True
1.2135336976666964,-0.8311171606207896,-0.8381356977458276,-0.8109426679732351,-0.9058545780518992,-0.5579627323289701,1.3351582127191328,False,False
1.4106376055855185,-0.8311171606207896,-0.8889166516659787,-0.22939108052710885,-0.7472687162966021,0.04185934510596823,1.3351582127191328,False,False
1.3055155213621474,-0.8311171606207896,-0.8178233161777674,-0.7811195096426646,-0.881456753166469,-0.4829849726496025,1.3351582127191328,True,False
1.1346921344991676,-0.8311171606207896,-0.8076671253937372,-0.7811195096426646,-0.7106719789684567,0.4167481435028043,1.3351582127191328,True,False
1.200393437138775,-0.8311171606207896,-0.6959490267694051,-0.03554055137840009,-0.38740079923650494,-0.3330294532908679,1.3351582127191328,True,False
1.029570050275796,-0.8311171606207896,-0.685792835985375,-0.8109426679732351,-0.36300297435107465,0.9790813410980587,1.3351582127191328,True,False
0.5696609317985443,-0.8311171606207896,-0.4725128295207411,-0.6320037179898117,0.3628323159904771,1.7663478177314136,1.3351582127191328,False,False
0.9113077055245024,0.36817713470491054,-0.43188806638462035,-0.751296351312094,0.27743992889147095,1.4664367790139456,1.3351582127191328,False,False
0.21487389754466404,0.36817713470491054,-0.1982956783519261,0.4416299819107291,-0.03973179461912301,-1.1577848097639076,1.3351582127191328,True,False
0.05719077120960625,0.36817713470491054,-0.42173187560059017,0.5609226152330113,-0.0031350572909775386,-0.707918251687704,1.3351582127191328,True,False
-0.1793339182929803,0.36817713470491054,0.4415443410419755,0.26269103192730553,0.5885121961807075,0.04185934510596823,1.3351582127191328,False,True
0.3725570238797221,1.5674714300306107,1.6501310443415675,0.11357524027445268,0.9666784819048775,1.2415034999758436,1.3351582127191328,False,True
-0.46841964990725277,0.36817713470491054,0.12670242673703974,-0.3934184513452471,0.15545080446431944,0.5292147830218554,1.3351582127191328,False,True
-0.810066423633211,0.36817713470491054,0.38060719633779433,-0.4828879263369588,0.6495067583942833,0.34177038382343733,1.3351582127191328,False,True
0.5565206712706225,-0.8311171606207896,-0.7670423622576164,-0.3934184513452471,-0.3995997116792201,1.4664367790139456,1.6100227834442449,False,True
0.4251180659914079,-0.8311171606207896,-0.7670423622576164,-0.3934184513452471,-0.35690351812971705,1.0915479806171096,1.6100227834442449,False,True
1.3449363029459114,-0.8311171606207896,-0.7670423622576164,-0.3934184513452471,-0.6557768729762385,0.8666147015790074,1.6100227834442449,False,True
0.950728487108267,-0.8311171606207896,-0.7670423622576164,-0.4828879263369588,-0.43619644900736565,0.1918148644647021,1.6100227834442449,False,True
0.6879232765498374,-0.8311171606207896,-0.5334499742249221,-0.5127110846675295,-0.4971910112209414,0.11683710478533513,1.6100227834442449,False,True
0.4251180659914079,-0.8311171606207896,-0.37095092168043925,-0.33377213468410577,-0.24101384992392313,0.8666147015790074,1.6100227834442449,False,True
0.030910250153763436,-0.8311171606207896,-0.4826690203047713,-0.2741258180229647,-0.08242798816862604,0.2667926241440691,1.6100227834442449,False,True
-0.10049235512545131,-0.8311171606207896,-0.37095092168043925,-0.22939108052710885,0.12495352335753154,1.8038366975710978,1.6100227834442449,False,True
1.6077415135043411,-0.8311171606207896,-0.8381356977458276,-0.8109426679732351,-1.1620317393489177,-0.1455850540924498,1.6100227834442449,False,False
1.7391441187835557,-0.8311171606207896,-0.9803223687222503,-0.9898816179566589,-1.1071366333566994,0.9415924612583744,1.6100227834442449,True,False
0.950728487108267,-0.8311171606207896,-0.9803223687222503,-0.9898816179566589,-1.1742306517916328,0.7166591822202736,1.6100227834442449,True,False
1.8705467240627707,-0.8311171606207896,-0.8381356977458276,-1.1389974096095115,-0.9851475089295477,-0.370518333130552,1.6100227834442449,False,True
1.6077415135043411,-0.8311171606207896,-0.909229033234039,-0.9302353012955176,-0.9851475089295477,0.6041925427012225,1.6100227834442449,False,True
1.6077415135043411,-0.8311171606207896,-0.685792835985375,-0.3934184513452471,-0.9424513153800448,-0.445496092809919,1.6100227834442449,True,False
1.6077415135043411,-0.8311171606207896,-0.8178233161777674,-0.7811195096426646,-0.8875562093878265,-0.445496092809919,1.6100227834442449,True,False
1.3449363029459114,-0.8311171606207896,-0.8076671253937372,-0.9302353012955176,-0.8387605596169658,0.4542370233424871,1.6100227834442449,True,False
1.8705467240627707,-0.8311171606207896,-0.9803223687222503,-1.0197047762872293,-1.1803301080129907,-0.2580516936115009,1.6100227834442449,True,False
1.0821310923874818,-0.8311171606207896,-0.9803223687222503,-1.0197047762872293,-1.1803301080129907,0.004370465266284008,1.6100227834442449,True,False
1.8705467240627707,-0.8311171606207896,-0.9803223687222503,-1.0197047762872293,-1.1437333706848447,0.1918148644647021,1.6100227834442449,True,False
0.16231285543297827,0.36817713470491054,-0.0662651981595337,0.26269103192730553,0.015163311373095243,0.2667926241440691,1.6100227834442449,False,True
1.8705467240627707,0.36817713470491054,0.7563862553469112,-0.4828879263369588,0.10055569847210119,0.49172590318217124,1.6100227834442449,False,True
0.293715460712193,-0.8311171606207896,-0.3201699677602883,-0.2741258180229647,-0.42399753656465045,-0.445496092809919,1.6100227834442449,False,True
-0.23189496040466606,0.36817713470491054,0.4517005318260056,0.32233734858844676,-0.1190247254967715,-0.370518333130552,1.6100227834442449,False,True
1.0821310923874818,-0.8311171606207896,-0.44204425716865053,-0.15483318470068239,-0.3264062370229292,-0.6704293718480204,1.6100227834442449,True,False
1.6077415135043411,-0.8311171606207896,-0.5334499742249221,-0.5127110846675295,-0.6862741540830264,-1.007829290405173,1.6100227834442449,False,True
0.4251180659914079,-0.8311171606207896,-0.37095092168043925,-0.33377213468410577,0.021262767594452805,0.6041925427012225,1.6100227834442449,False,True
0.4251180659914079,-0.8311171606207896,-0.4826690203047713,-0.4530647680063883,-0.17391983148898976,-0.033118414573399486,1.6100227834442449,False,True
2.658962355738059,-0.8311171606207896,-0.9193852240180692,-1.467052151245788,-0.9790480527081902,3.3408807709981265,1.6100227834442449,False,False
1.0821310923874818,-0.8311171606207896,-0.5334499742249221,-0.5127110846675295,-0.77776599740339,-1.5326736081607437,1.6100227834442449,False,True
0.5565206712706225,-0.8311171606207896,-0.685792835985375,-0.6618268763203823,-0.3752018867937899,1.0915479806171096,1.6100227834442449,False,True
0.950728487108267,-0.8311171606207896,-0.6959490267694051,-0.5723574013286705,-0.25931221858799586,1.3914590193345775,1.6100227834442449,False,True
